artistes,nb_diffusions,titres_differents,minutes
Patrick Bruel,2,2,7.6
Dominique Barret,2,2,7.6
Electric Light Orchestra,2,2,6.1
Michael Jackson,1,1,5.9
Al Corley,1,1,5.0
Scorpions,1,1,4.8
Peter Gabriel,1,1,4.6
Johnny Hallyday,1,1,4.0
Talk Talk,1,1,3.8
Alain Barrière,1,1,3.8
Florent Pagny,1,1,3.7
Abba,1,1,3.7
Joe Dassin,1,1,3.5
Michel Admette,1,1,3.3
Sega Sega,1,1,3.1
Louis Chedid & Yvan Cassar,1,1,3.1
Louis Chedid,1,1,3.1
Lucky Blondo,1,1,3.0
Luc Donat,1,1,3.0
Louis Armstrong & Ella Fitzgerald,1,1,3.0
Louis Armstrong,1,1,3.0
Riz Ortolani & Katyna Ranieri,1,1,2.9
Patti Labelle,1,1,2.9
Mitch Miller,1,1,2.9
Diana Ross,1,1,2.9
Di Quinto Rocco,1,1,2.9
Olympe Chabert,1,1,2.8
Georges Jouvin,1,1,2.8
Ray Charles,1,1,2.5
Bobby Darin,1,1,2.5
