artistes,titre,nb_diffusions,minutes
Abba,Head Over Heels,1,3.7
Al Corley,Cold Dresses,1,5.0
Alain Barrière,C'Est La Vie,1,3.8
Bobby Darin,Things,1,2.5
Conway Twitty,Linda On My Mind,1,2.2
Di Quinto Rocco,Ce soir on va danser,1,2.9
Diana Ross,Stop! In The Name Of Love,1,2.9
Dominique Barret,Mon Cœur Épris,1,3.8
Dominique Barret,Mon cœur épris,1,3.8
Electric Light Orchestra,Rock 'N' Roll Is King,1,3.1
Electric Light Orchestra,Rock'N'Roll Is King,1,3.1
Florent Pagny,Chanter,1,3.7
Georges Jouvin,Le Silence,1,2.8
Isabelle Aubret,La Ville Est Là,1,2.4
Jean Ferrat,Sacré Felicien,1,2.4
Jean François Maurice,Juliette,1,1.9
Joe Dassin,Et l'amour s'en va,1,3.5
Johnny Hallyday,Le Pénitencier,1,4.0
Les Chats Sauvages,Tu Peins Ton Visage,1,2.2
Little Tony,Return To Sender,1,1.9
Louis Armstrong,Dream A Little Dream Of Me,1,3.0
Louis Armstrong & Ella Fitzgerald,Dream a Little Dream of Me,1,3.0
Louis Chedid,Ainsi Soit-Il,1,3.1
Louis Chedid & Yvan Cassar,Ainsi Soit-il (Version Piano – Voix),1,3.1
Louis Prima,Oh Marie,1,2.4
Luc Donat,In P'Tit Bière Siouplait,1,3.0
Lucky Blondo,Tout le monde un jour,1,3.0
Michael Jackson,Thriller,1,5.9
Michel Admette,Madame Albert,1,3.3
Mitch Miller,The Yellow Rose Of Texas,1,2.9
