album,artistes,nb
Things & Other Things,Bobby Darin,1
The Very Best Of,Talk Talk,1
The Frim Fram Sauce (Mono Version) - EP,Louis Armstrong & Ella Fitzgerald,1
Taxidermie,Philippe B,1
Square Rooms,Al Corley,1
Si ou di oui,Dominique Barret,1
Salut les copains,Lucky Blondo,1
Live 2014,Patrick Bruel,1
La musique du séga (feat. Les Brigands 2000),Michel Admette,1
Intégrale,Joe Dassin,1
Haut les coeurs - EP (Pt. 1),Olympe Chabert,1
En noires et blanches (Parce que - La Collection),Louis Chedid & Yvan Cassar,1
Ce soir on va danser - Single,Di Quinto Rocco,1
Capitol Collectors Series: Louis Prima,Louis Prima,1
Addio Zio Tom (original motion picture soundtrack),Riz Ortolani & Katyna Ranieri,1
